{
  "medians": {
    "funding_annualized_proxy": 0.0,
    "funding_event": 0.0,
    "funding_event_flag": 0.0,
    "funding_mean_168h": 0.039111904761904764,
    "funding_mean_24h": 0.04166666666666663,
    "funding_mean_72h": 0.04133888888888884,
    "funding_mean_8h": 0.0,
    "funding_positive_share_168h": 0.041666666666666664,
    "funding_positive_share_24h": 0.041666666666666664,
    "funding_positive_share_72h": 0.041666666666666664,
    "funding_positive_share_8h": 0.0,
    "funding_rate": 0.0,
    "funding_rate_bps": 0.0,
    "funding_rate_raw": 0.0,
    "funding_sign": 0.0,
    "funding_std_168h": 0.19792630162638497,
    "funding_std_24h": 0.19982631347132732,
    "funding_std_72h": 0.19982631347136878,
    "funding_std_8h": 0.0,
    "funding_x_perp_vol_24h": 0.0,
    "funding_x_spread_bps": 0.0,
    "funding_zscore_168h": -0.1808655664118282,
    "funding_zscore_24h": -0.2085144140575287,
    "funding_zscore_72h": -0.191219658383636,
    "high_vol_regime": 0.0,
    "perp_abs_return_1h": 0.002508728517567449,
    "perp_close": 36589.0,
    "perp_dollar_volume_raw": 428283937.4877,
    "perp_realized_vol_168h": 0.5303267537272418,
    "perp_realized_vol_24h": 0.47134303848164427,
    "perp_realized_vol_72h": 0.5059573984435347,
    "perp_realized_vol_8h": 0.3929089831633783,
    "perp_return_1h": 5.7690869846194204e-05,
    "perp_return_shock_24h": 0.5438606865411807,
    "perp_volume": 11676.991,
    "perp_volume_change_1h": -0.04822545203163575,
    "perp_volume_ratio_168h": 0.7214834455240808,
    "perp_volume_ratio_24h": 0.7760287498646581,
    "perp_volume_ratio_72h": 0.7444783528184532,
    "perp_volume_ratio_8h": 0.861588696129501,
    "perp_volume_raw": 11676.991,
    "positive_funding_regime": 1.0,
    "shock_regime": 0.0,
    "spot_abs_return_1h": 0.0025400635992616216,
    "spot_close": 36585.08,
    "spot_close_was_missing": 0.0,
    "spot_dollar_volume_raw": 85063014.29071599,
    "spot_realized_vol_168h": 0.5295978271728429,
    "spot_realized_vol_24h": 0.4736557930996234,
    "spot_realized_vol_72h": 0.5073346119812637,
    "spot_realized_vol_8h": 0.3944690202728459,
    "spot_return_1h": 4.6251459694723884e-05,
    "spot_return_shock_24h": 0.5472050960204463,
    "spot_volume": 2097.84745,
    "spot_volume_change_1h": -0.034287863996941614,
    "spot_volume_ratio_168h": 0.7855389470345999,
    "spot_volume_ratio_24h": 0.833437353880515,
    "spot_volume_ratio_72h": 0.8077348867716333,
    "spot_volume_ratio_8h": 0.903183333235436,
    "spot_volume_raw": 2097.84745,
    "spread_bps": -3.120052196232681,
    "spread_change_1h": -0.002046536871636029,
    "spread_change_24h": -0.030352952082868256,
    "spread_deviation_168h": -0.08980986480901976,
    "spread_deviation_24h": -0.02587790599910278,
    "spread_deviation_72h": -0.06050752658716663,
    "spread_deviation_8h": 0.007727139601026778,
    "spread_mean_168h": -3.60619631966855,
    "spread_mean_24h": -3.570481646953671,
    "spread_mean_72h": -3.6035851939321946,
    "spread_mean_8h": -3.4944336169382595,
    "spread_reversion_signal_168h": 0.048908424921134626,
    "spread_reversion_signal_24h": 0.021045349191291467,
    "spread_reversion_signal_72h": 0.037976226591416404,
    "spread_reversion_signal_8h": -0.007356041081436058,
    "spread_std_168h": 1.853828852411072,
    "spread_std_24h": 1.3251576638420564,
    "spread_std_72h": 1.596944498622182,
    "spread_std_8h": 1.0945645432800148,
    "spread_usd": -8.270000000000437,
    "spread_x_perp_vol_24h": -0.9072226950249137,
    "spread_zscore_168h": -0.048908424921134626,
    "spread_zscore_24h": -0.021045349191291467,
    "spread_zscore_72h": -0.037976226591416404,
    "spread_zscore_8h": 0.007356041081436058,
    "wide_spread_regime": 0.0
  },
  "centers": {
    "funding_annualized_proxy": 0.0,
    "funding_event": 0.0,
    "funding_event_flag": 0.0,
    "funding_mean_168h": 0.039111904761904764,
    "funding_mean_24h": 0.04166666666666663,
    "funding_mean_72h": 0.04133888888888884,
    "funding_mean_8h": 0.0,
    "funding_positive_share_168h": 0.041666666666666664,
    "funding_positive_share_24h": 0.041666666666666664,
    "funding_positive_share_72h": 0.041666666666666664,
    "funding_positive_share_8h": 0.0,
    "funding_rate": 0.0,
    "funding_rate_bps": 0.0,
    "funding_rate_raw": 0.0,
    "funding_sign": 0.0,
    "funding_std_168h": 0.19792630162638497,
    "funding_std_24h": 0.19982631347132732,
    "funding_std_72h": 0.19982631347136878,
    "funding_std_8h": 0.0,
    "funding_x_perp_vol_24h": 0.0,
    "funding_x_spread_bps": 0.0,
    "funding_zscore_168h": -0.1808655664118282,
    "funding_zscore_24h": -0.2085144140575287,
    "funding_zscore_72h": -0.191219658383636,
    "high_vol_regime": 0.0,
    "perp_abs_return_1h": 0.002508728517567449,
    "perp_close": 36589.0,
    "perp_dollar_volume_raw": 428283937.4877,
    "perp_realized_vol_168h": 0.5303267537272418,
    "perp_realized_vol_24h": 0.47134303848164427,
    "perp_realized_vol_72h": 0.5059573984435347,
    "perp_realized_vol_8h": 0.3929089831633783,
    "perp_return_1h": 5.7690869846194204e-05,
    "perp_return_shock_24h": 0.5438606865411807,
    "perp_volume": 11676.991,
    "perp_volume_change_1h": -0.04822545203163575,
    "perp_volume_ratio_168h": 0.7214834455240808,
    "perp_volume_ratio_24h": 0.7760287498646581,
    "perp_volume_ratio_72h": 0.7444783528184532,
    "perp_volume_ratio_8h": 0.861588696129501,
    "perp_volume_raw": 11676.991,
    "positive_funding_regime": 1.0,
    "shock_regime": 0.0,
    "spot_abs_return_1h": 0.0025400635992616216,
    "spot_close": 36585.08,
    "spot_close_was_missing": 0.0,
    "spot_dollar_volume_raw": 85063014.29071599,
    "spot_realized_vol_168h": 0.5295978271728429,
    "spot_realized_vol_24h": 0.4736557930996234,
    "spot_realized_vol_72h": 0.5073346119812637,
    "spot_realized_vol_8h": 0.3944690202728459,
    "spot_return_1h": 4.6251459694723884e-05,
    "spot_return_shock_24h": 0.5472050960204463,
    "spot_volume": 2097.84745,
    "spot_volume_change_1h": -0.034287863996941614,
    "spot_volume_ratio_168h": 0.7855389470345999,
    "spot_volume_ratio_24h": 0.833437353880515,
    "spot_volume_ratio_72h": 0.8077348867716333,
    "spot_volume_ratio_8h": 0.903183333235436,
    "spot_volume_raw": 2097.84745,
    "spread_bps": -3.120052196232681,
    "spread_change_1h": -0.002046536871636029,
    "spread_change_24h": -0.030352952082868256,
    "spread_deviation_168h": -0.08980986480901976,
    "spread_deviation_24h": -0.02587790599910278,
    "spread_deviation_72h": -0.06050752658716663,
    "spread_deviation_8h": 0.007727139601026778,
    "spread_mean_168h": -3.60619631966855,
    "spread_mean_24h": -3.570481646953671,
    "spread_mean_72h": -3.6035851939321946,
    "spread_mean_8h": -3.4944336169382595,
    "spread_reversion_signal_168h": 0.048908424921134626,
    "spread_reversion_signal_24h": 0.021045349191291467,
    "spread_reversion_signal_72h": 0.037976226591416404,
    "spread_reversion_signal_8h": -0.007356041081436058,
    "spread_std_168h": 1.853828852411072,
    "spread_std_24h": 1.3251576638420564,
    "spread_std_72h": 1.596944498622182,
    "spread_std_8h": 1.0945645432800148,
    "spread_usd": -8.270000000000437,
    "spread_x_perp_vol_24h": -0.9072226950249137,
    "spread_zscore_168h": -0.048908424921134626,
    "spread_zscore_24h": -0.021045349191291467,
    "spread_zscore_72h": -0.037976226591416404,
    "spread_zscore_8h": 0.007356041081436058,
    "wide_spread_regime": 0.0
  },
  "scales": {
    "funding_annualized_proxy": 1.0,
    "funding_event": 1.0,
    "funding_event_flag": 1.0,
    "funding_mean_168h": 0.08392916666666667,
    "funding_mean_24h": 0.08333333333333337,
    "funding_mean_72h": 0.08333333333333331,
    "funding_mean_8h": 0.125,
    "funding_positive_share_168h": 0.05952380952380953,
    "funding_positive_share_24h": 0.08333333333333333,
    "funding_positive_share_72h": 0.05555555555555555,
    "funding_positive_share_8h": 0.125,